title,recruiter,experinece,salary,location,description,skills,time_since_posted
Data Science,HyreFox Consultants,5 - 8 yrs,None,Chennai,,"data science  ,  data cleaning  ,  dashboards",Posted few days ago
Data Science,tcg digital solutions pvt ltd,3 - 5 yrs,None,Kolkata,,"                data analytics  ,  functional analysis  ,  predictive analytics  ,  data science  ,  solution design",Posted few days ago
Data Science,innefu labs pvt. ltd.,4 - 6 yrs,None,"Delhi,  Delhi/NCR",,"                procedures  ,  data collection  ,   Commercial activities",Posted few days ago
Data Science,bprise pvt ltd,3 - 6 yrs,None,Mumbai,,"                hive  ,  algorithms  ,  authoring  ,  data mining  ,  sql  ,  pig  ,  d3.js  ,  security  ,  java  ,  big data  ,  mongodb  ,  hbase  ,  python  ,  machine learning  ,  nosql  ,  cassandra",Posted few days ago
Data Science Internship in Mumbai,Maxgen Technologies     ,0 - 1 yrs,None,"Mumbai,  Kalyan,  Nasik,  Navi Mumbai,  Thane",,data science,Posted a month ago
Data Science Internship in Ahmedabad,Maxgen Technologies     ,0 - 1 yrs,None,"Ahmedabad,  Mehsana,  Rajkot,  Surat,  Surendranagar",,"                student project  ,  data science",Posted a month ago
Data Science Internship in Pune,Maxgen Technologies     ,0 - 1 yrs,None,"Pune,  Amravati,  Aurangabad,  Sangli,  Satara",,data science,Posted a month ago
Data Science Internship in Pune,Maxgen Technologies     ,0 - 1 yrs,None,"Pune,  Amravati,  Aurangabad,  Sangli,  Satara",,                .,Posted 4 days ago
Data Science Internship in Pune,Maxgen Technologies     ,0 - 1 yrs,None,"Pune,  Amravati,  Aurangabad,  Sangli,  Satara",,                .,Posted few days ago
Data Science Internship in Ahmedabad,Maxgen Technologies     ,0 - 1 yrs,None,"Ahmedabad,  Mehsana,  Rajkot,  Surat,  Surendranagar",,                .,Posted few days ago
Data Science Internship in Ahmedabad,Maxgen Technologies     ,0 - 1 yrs,None,"Ahmedabad,  Bhavnagar,  Gandhinagar,  Jamnagar,  Mehsana",,                software development,Posted 4 days ago
Data Science Internship in Ahmedabad,Maxgen Technologies     ,0 - 1 yrs,None,"Ahmedabad,  Bhavnagar,  Gandhinagar,  Jamnagar,  Mehsana",,                .,Posted few days ago
Data Science Internship in Ahmedabad,Maxgen Technologies     ,0 - 1 yrs,None,"Ahmedabad,  Mehsana,  Rajkot,  Surat,  Surendranagar",,                college project,Posted a month ago
Data Science Internship in Pune,Maxgen Technologies     ,0 - 1 yrs,None,"Pune,  Jalgaon,  Kolhapur,  Nagpur,  Solapur",,                .,Posted few days ago
Data Science Internship in Mumbai,Maxgen Technologies     ,0 - 1 yrs,None,"Mumbai,  Kalyan,  Nasik,  Navi Mumbai,  Thane",,                .,Posted a month ago
Data Science Internship in Mumbai,Maxgen Technologies     ,0 - 1 yrs,None,"Mumbai,  Kalyan,  Nasik,  Navi Mumbai,  Thane",,                interns,Posted a month ago
Data Science Internship in Pune,Maxgen Technologies     ,0 - 1 yrs,None,"Pune,  Jalgaon,  Kolhapur,  Nagpur,  Solapur",,                .,Posted a month ago
Data Science Classroom Trainer,NARESH I TECHNOLOGIES     ,5 - 10 yrs,None,Hyderabad/Secunderabad,,"                ML  ,  DL  ,  R Programming  ,  Python  ,  Machine learning  ,  Deep Learning",Posted few days ago
Data Science Internship in Ahmedabad,Maxgen Technologies     ,0 - 1 yrs,None,"Ahmedabad,  Mehsana,  Rajkot,  Surat,  Surendranagar",,                numpie,Posted a month ago
Data Science Internship in Mumbai,Maxgen Technologies     ,0 - 1 yrs,None,"Mumbai,  Kalyan,  Nasik,  Navi Mumbai,  Thane",,                .,Posted a month ago
Data Science Internship,Maxgen Technologies     ,0 - 1 yrs,None,"Ahmedabad,  Mehsana,  Rajkot,  Surat,  Surendranagar",,                .,Posted a month ago
Data Science Internship in Pune,Maxgen Technologies     ,0 - 1 yrs,None,"Pune,  Amravati,  Aurangabad,  Sangli,  Satara",,                .,Posted few days ago
Data Science Internship in Pune,Maxgen Technologies     ,0 - 1 yrs,None,"Pune,  Jalgaon,  Kolhapur,  Nagpur,  Solapur",,                software development,Posted few days ago
Data Science Internship in Pune,Maxgen Technologies     ,0 - 1 yrs,None,"Pune,  Amravati,  Aurangabad,  Sangli,  Satara",,                .,Posted few days ago
Data Science Internship in Pune,Maxgen Technologies     ,0 - 1 yrs,None,"Pune,  Amravati,  Aurangabad,  Sangli,  Satara",,                .,Posted a month ago
Data Science Internship in Pune,Maxgen Technologies     ,0 - 1 yrs,None,"Pune,  Amravati,  Aurangabad,  Sangli,  Satara",,                .,Posted a month ago
Data Science Internship in Pune,Maxgen Technologies     ,0 - 1 yrs,None,"Pune,  Jalgaon,  Kolhapur,  Nagpur,  Solapur",,                .,Posted a month ago
Director of Data Science,Deal4loans,5 - 8 yrs,None,Noida/Greater Noida,,"                advanced analytics  ,  sas  ,  business requirements  ,  director  ,  sql  ,  data science",Posted few days ago
Data Science Engineer,alliance recruitment agency,5 - 10 yrs,None,Kolkata,,"                anova  ,  spss  ,  text analytics  ,  sql  ,  data science  ,  cluster analysis  ,  logisticregression  ,  advanced analytics  ,  consulting  ,  factor analysis",Posted few days ago
Senior Engineer - Data Science,CTE,20 - 23 yrs,None,Bengaluru / Bangalore,,"                fundamentals  ,  algorithms  ,  python  ,  machine learning  ,  debugging  ,  big data",Posted 5 days ago
Data Science Engineer,alliance recruitment agency,2 - 10 yrs,None,Pune,,"                hive  ,  algorithms  ,  data mining  ,  machine learning  ,  sql  ,  pig  ,  nosql  ,  d3.js  ,  cassandra  ,  mongodb  ,  hbase",Posted few days ago
Data Science  &  Analytic,CODEC Networks,1 - 2 yrs,None,"Delhi,  Delhi/NCR",,"                hive  ,  algorithms  ,  data mining  ,  pig  ,  sql  ,  java  ,  apache  ,  hadoop  ,  technical skills  ,  big data  ,  hbase  ,  python  ,  impala  ,  machine learning  ,  mapreduce  ,  consultant",Posted few days ago
Manager - Data Science,Merilytics,3 - 5 yrs,None,Hyderabad/Secunderabad,,"                fundamentals  ,  algorithms  ,  python  ,  algorithm development  ,  machine learning  ,  hadoop  ,  big data",Posted few days ago
Senior Manager - Data Science,Merilytics,4 - 8 yrs,None,Hyderabad/Secunderabad,,"                fundamentals  ,  algorithms  ,  big data  ,  python  ,  c  ,  algorithm development  ,  machine learning",Posted few days ago
Senior Manager - Data Science,MERITUS INTELYTICS PRIVATE LIMITED,4 - 8 yrs,None,Hyderabad/Secunderabad,,"                fundamentals  ,  algorithms  ,  big data  ,  python  ,  c  ,  algorithm development  ,  machine learning",Posted few days ago
Manager - Data Science,MERITUS INTELYTICS PRIVATE LIMITED,3 - 5 yrs,None,Hyderabad/Secunderabad,,"                fundamentals  ,  algorithms  ,  python  ,  algorithm development  ,  machine learning  ,  hadoop  ,  big data",Posted few days ago
Analytics  &  Data Science,Kpro Solutions,9 - 12 yrs,None,Bengaluru / Bangalore,,"                python  ,  sas  ,  sql  ,  data extraction  ,  hadoop",Posted few days ago
Chief Data Science officer,RedLotus,15 - 18 yrs,None,Mumbai,,"                mathematics  ,  spoken english  ,  science  ,  statistics",Posted few days ago
Analyst - Data Science,NUWARE SYSTEMS PVT LTD,3 - 6 yrs,None,Bengaluru / Bangalore,,"                python  ,  rdbms  ,  data mining  ,  machine learning  ,  sql  ,  senior software developer  ,  software developer",Posted few days ago
Data Science Manager-R & D,Flytxt Mobile Solutions Pvt Ltd,2 - 5 yrs,None,Thiruvananthapuram,,"                fundamentals  ,  algorithms  ,  conference  ,  artificial intelligence  ,  apache  ,  python  ,  machine learning  ,  dsm",Posted few days ago
Data Science Intern,Tridiagonal Solutions Pvt. Ltd.,2 - 5 yrs,None,Pune,,"                nlp and ocr techniques  ,   structured  /  unstructured dataset  ,   pdf  textual information  ,   openai apis  ,   python coding   ,  manufacturing  ,  innovation  ,  team work  ,  process data  ,  ideas  ,  process engineering  ,  manufacturing operations",Posted few days ago
Senior Engineer - Data Science,CAMBRIDGE TECHNOLOGY INDIA PVT LTD,1 - 10 yrs,None,Hyderabad/Secunderabad,,"                fundamentals  ,  algorithms  ,  python  ,  machine learning  ,  debugging  ,  big data",Posted few days ago
Analyst - Data Science,Merilytics,0 - 3 yrs,None,Hyderabad/Secunderabad,,"                fundamentals  ,  algorithms  ,  algorithm development  ,  machine learning  ,  hadoop  ,  big data",Posted few days ago
Analyst - Data Science,MERITUS INTELYTICS PRIVATE LIMITED,0 - 3 yrs,None,Hyderabad/Secunderabad,,"                fundamentals  ,  algorithms  ,  algorithm development  ,  machine learning  ,  hadoop  ,  big data",Posted few days ago
Lead  ( Data Science Engineer ),colruyt it consultancy india pvt ltd.captive of colruyt belgium,10 - 13 yrs,None,Hyderabad/Secunderabad,,"                service oriented  ,  sql  ,  database  ,  git  ,  oops  ,  software engineering  ,  big data  ,  python  ,  infrastructure",Posted few days ago
Data Science Analyst,HR Jobs Placements     ,2 - 7 yrs,None,"Bengaluru / Bangalore,  Chennai,  Delhi/NCR,  Hyderabad/Secunderabad,  Mumbai",,"Data Science Analyst  ,  Data Science  ,  test model quality  ,  product development  ,   marketing techniques  ,  customer experiences  ,   revenue generation  ,   ad targeting",Posted few days ago
Data Science Analyst /  Data Scientist,arimon digilytics pvt ltd,1 - 3 yrs,None,Gurgaon,,"data science  ,  analyst  ,  data scientist",Posted few days ago
Marketing Analytics with Data Science Lead,AugmatrixGo,5 - 8 yrs,None,"Hyderabad/Secunderabad,  Pune",,"                dashboards  ,  sql  ,  tableau  ,  data scientist  ,  data visualization",Posted few days ago
Co-Founder /  Head of Data Sciences,NLP People,0 - 3 yrs,None,Delhi,,"                data mining  ,  machine learning  ,  artificial intelligence",Posted few days ago
FULL STACK DATA SCIENCE ARCHITECT,aitouch llp,4 - 7 yrs,None,Gurgaon,,"                scala  ,  erlang  ,  artificial intelligence  ,  docker  ,  spring  ,  java  ,  devops  ,  mqtt  ,  python  ,  natural language processing  ,  machine learning  ,  javascript  ,  nosql  ,  node.js  ,  cassandra",Posted few days ago
Paytm - Data Science- Senior Data Scientist,Paytm,4 - 7 yrs,None,Bengaluru / Bangalore,,"data science  ,   deep learning  ,   fraud detection  ,   neural networks  ,   ml  /  dl frameworks   ,  fundamentals  ,  algorithms  ,  scala  ,  sql  ,  brewing  ,  data structures  ,  big data  ,  python  ,  machine learning",Posted a month ago
"Data Science Project Engineer in Maneja ,  GJ - Hitachi",hitachi ltd,2 - 7 yrs,None,Vadodara,,"                data analysis   ,   business case analysis   ,   kpis  /  metrics automation   ,   sap   ,   sql reports   ,  bi  ,  python  ,  team player  ,  vb",Posted few days ago
Senior Software Engineer - Data Science and Machine Learning,VSH Solutions,0 - 3 yrs,None,Pune,,"                python  ,  data warehousing  ,  machine learning  ,  sql  ,  nosql  ,  java  ,  git  ,  ror  ,  cassandra  ,  mongodb",Posted a month ago
"python developer ,  data science ,  ML ,  AI ,  freshers ,  Django",AMAR TECHNOLABS PVT LTD     ,0 - 2 yrs,None,Ahmedabad,,"                Machine Learmning  ,  MySql  ,  Data Science  ,  Training  ,  Opps  ,  Fresher  ,  HTML  ,  CSS  ,  Python  ,  CorePython  ,  Java Script  ,  Django  ,  Intern  ,  Database",Posted few days ago
Senior Analyst - Data Science  ( Python Developer )  -Chennai  /  Hyd,2COMS Consulting Pvt Ltd     ,2 - 5 yrs,None,Bengaluru / Bangalore,,"                python developer  ,   python programming",Posted few days ago
Data Scientist,2COMS Consulting Pvt Ltd     ,4 - 6 yrs,None,Bengaluru / Bangalore,,Data science,Posted few days ago
Data Scientist,2COMS Consulting Pvt Ltd     ,4 - 6 yrs,None,Bengaluru / Bangalore,,Data science,Posted a month ago
Power BI Developer,Alpha Tech     ,0 - 1 yrs,None,"Bengaluru / Bangalore,  Chennai,  Hyderabad/Secunderabad,  Pune,  Cochin/ Kochi/ Ernakulam",,"                Azure Analysis Services  ,  Amazon Aws  ,  Devops  ,  Jenkins  ,  Power Bi Desktop  ,  Power Query  ,  Power Bi  ,  Business Analysis  ,  Dax Queries  ,  Sql  ,  Spss  ,  Statistics  ,  Business Intelligence",plyPosted today
Staff Engineer Data Scientist REF17551N All Client Loc - J47476,SAMPOORNA CONSULTANTS PVT LTD     ,5 - 8 yrs,None,"Bengaluru / Bangalore,  Chennai,  Gurgaon,  Hyderabad/Secunderabad,  Mumbai",,"Data Science  ,  Machine Learning  ,  SQL  ,  NoSQL  ,  Python  /   Spark  /   R Data Science Stack",Posted few days ago
Machine Learning Engineer,Cotocus,0 - 3 yrs,None,Bengaluru / Bangalore,,"                machine learning  ,  docker  ,   data science",Posted few days ago
Data Scientist,SKYWALK VISA IMMIGRATION SERVICES LLP     ,2 - 7 yrs,None,Singapore,,"Data Science  ,  Data Scientist  ,  Data Analysis  ,  data analyst  ,  statistical modeling",Posted few days ago
Data Scientist,SKYWALK VISA IMMIGRATION SERVICES LLP     ,6 - 11 yrs,None,"France,  Hong Kong",,"Data Science  ,  Data Scientist  ,  Data Analysis  ,  data analyst  ,  statistical modeling",Posted a month ago
"Data Scientist ,",SKYWALK VISA IMMIGRATION SERVICES LLP     ,6 - 11 yrs,None,Germany,,"Data Science  ,  Data Scientist  ,  Data Analysis  ,  data analyst  ,  statistical modeling",Posted a month ago
Data scientist,HyreFox Consultants,0 - 3 yrs,None,Jaipur,,"data science  ,  data cleaning  ,  data scientist  ,  dashboards",Posted 2 days ago
Data Scientist  Document Extraction,arimon digilytics pvt ltd,3 - 6 yrs,None,Gurgaon,,"data science  ,  data scientist  ,   Document Extraction",Posted few days ago
HTML Developer,CONNECTING 2 WORK,0 - 3 yrs,None,Thiruvananthapuram,,"                HTML Developer  ,  Design features  ,  data science",Posted few days ago
Data Scientists,pratibha analytics,3 - 20 yrs,None,Hyderabad/Secunderabad,,"                advanced analytics  ,  sas  ,  data science  ,  spss",Posted few days ago
Java and Dot Net Trainer,NARESH I TECHNOLOGIES     ,5 - 8 yrs,None,Hyderabad/Secunderabad,,"                java  ,  Html  ,  mySQL  ,  trainer  ,  web service  ,  data science  ,  python  ,  Android  ,  Android Development",Posted few days ago
"Consultant ,  Research and Analysis  ( Selection Model Development )",Teach For India,2 - 5 yrs,None,"Hyderabad/Secunderabad,  Kolkata,  Pune,  Bengaluru / Bangalore",,"                spss  ,  data science  ,  data analytics  ,  data analysis  ,  tableau  ,  consultant",Posted 4 days ago
Data Scientist / Lead Data Scientist - Academic Operations,Great Learning,2 - 5 yrs,None,"Bengaluru / Bangalore,  Gurgaon",,"data science   ,   analytics   ,   artificial intelligence   ,   sql   ,   python   ,  algorithms  ,  machine learning",Posted few days ago
Senior Commercial Strategy Business Consultant,Veeva Systems,6 - 9 yrs,None,South Korea,,"data science  ,  san  ,  customer success  ,  consulting  ,  business consulting  ,  business consultant",Posted few days ago
IT Domain Team,GENIQUE MANAGEMENT SERVICES PRIVATE LIMITED     ,1 - 6 yrs,None,"Australia,  Canada",,"                Network Designing  ,  ccna  ,  Perl Python  ,  Core Java  XML  ,  c ++  ,  html  ,  css  ,  data science  ,  Tableau  ,  R Programming  ,  sql  ,  Data Analysis  ,  business analyst  ,  software",Posted few days ago
Hiring for Software Industry,GENIQUE MANAGEMENT SERVICES PRIVATE LIMITED     ,1 - 6 yrs,None,"Australia,  Canada",,"                Software Developing  ,  Software Quality Testing  ,  Quality Assurance  ,  software test engineer  ,  java  ,  python  ,  sql  ,  mean  ,  mern  ,  c ++  ,  data science  ,  Tableau  ,  Business Analyst",Posted few days ago
Software Developer,GENIQUE MANAGEMENT SERVICES PRIVATE LIMITED     ,1 - 6 yrs,None,"Australia,  Canada",,"                Html  ,  java  ,  php  ,  Database  ,  Python Scripting  ,  Machine Learning  ,  data science  ,  Tableau  ,  R Programming  ,  .net  ,  asp.net  ,  angular  ,  Javascript  ,  react  ,  oracle  ,  SQL  ,  c ++  ,  css",Posted few days ago
Sr. Operations Research Analyst,ORMAE LLP,5 - 8 yrs,None,"Delhi,  Delhi/NCR,  Bengaluru / Bangalore",,"                c    ,  spss  ,  java  ,  data science  ,  client facing  ,  advanced analytics  ,  genesys  ,  sas  ,  business analytics  ,  analyst",Posted 3 days ago
Data Scientist 1,boomerang commerce,0 - 2 yrs,None,Bengaluru / Bangalore,,"data science  ,   machine learning  ,   statistical analysis  ,   data visualization  ,   python coding   ,  data analysis  ,  dashboards  ,  tableau  ,  data scientist",Posted 5 days ago
"Applications invited for JRF position at ASET ,  Amity University Noida - 22-11-2023 - Adv / AUUP / HR / 23 / 301",Amity University,0 - 2 yrs,None,Noida/Greater Noida,,"                ai enabled physiotherapy   ,   electronics engineering   ,   electronics and communication   ,   computer science   ,   ai  /   data science   ,  hr  ,  learning  ,  compensation  ,  interview",Posted 5 days ago
Master Thesis - Hssleholm,Alstom Projects India Ltd.,0 - 1 yrs,None,,,"                ai technologies  ,   test and verification  ,   data science  ,   software development  ,   cyber security   ,  infrastructure",Posted 5 days ago
Technical Content Writer,Great Learning,3 - 7 yrs,None,"Bengaluru / Bangalore,  Gurgaon",,"                python  ,   data science  ,   ai  ,   cloud  ,   cyber security   ,  reports  ,  information technology  ,  cms  ,  content management",Posted 5 days ago
Network Data  &  Analytics  ( Contractual role ),Colgate-Palmolive  ( India ),2 - 9 yrs,None,Mumbai,,"                network data  ,   analytics  ,   data science  ,   machine learning  ,   big data technologies   ,  ajax  ,  sql  ,  spring  ,  database  ,  python  ,  soap",Posted 5 days ago
Data Scientist,Armaco Chemical Processes Systems Pvt Ltd,5 - 8 yrs,None,,,"                time series analysis  ,  visualization  ,  business solutions  ,  data science  ,  data scientist  ,  advanced analytics  ,  infrastructure  ,  predictive modeling",Posted few days ago
Monitoring and Evaluation Manager,wotradeal technologies pvt ltd.,5 - 7 yrs,None,Pune,,"                monitoring and evaluation   ,   data sciences   ,   analytics   ,   systems   ,   statistics   ,  action  ,  implementation  ,  problem solving  ,  data collection  ,  planning  ,  cutting",Posted few days ago
Senior Associate - Data Analytics - Model developer,bdo rise private limited,3 - 6 yrs,None,Bengaluru / Bangalore,,"                visualization  ,  bi  ,  dashboards  ,  sql  ,  data science  ,  data visualization  ,  advanced analytics  ,  data analytics  ,  analyst",Posted few days ago
Data Scientist,Datagrid Solutions,5 - 6 yrs,None,Mumbai,,"                data analysis  ,  linear regression  ,  ensemble  ,  tableau  ,  data science  ,  data scientist  ,  data visualization",Posted few days ago
Product and Marketing Intern- Gurgaon,MiQ Digital India,0 - 1 yrs,None,Gurgaon,,"                data visualization   ,   strong communication   ,   curiosity   ,   start up mindset   ,   self learner   ,  data science",Posted few days ago
Manager Agile Operations - Link TrialBase,Veeva Systems,3 - 6 yrs,None,,,"data science  ,  software engineering  ,  san  ,  customer success  ,  consulting  ,  data governance  ,  forms",Posted few days ago
Manager Agile Operations - Link TrialBase,Veeva Systems,3 - 6 yrs,None,,,"data science  ,  software engineering  ,  san  ,  customer success  ,  consulting  ,  data governance  ,  forms",Posted few days ago
Manager - Data Scientist,aeries technology group  ( sabre industries ),10 - 15 yrs,None,Mumbai,,"                visualization  ,  bi  ,  business solutions  ,  sql  ,  data science  ,  data scientist  ,  logistic regression  ,  rdbms  ,  oracle  ,  tableau",Posted few days ago
Business Consultant,Veeva Systems,2 - 5 yrs,None,Mexico,,"data science  ,  san  ,  customer success  ,  consulting  ,  consultant  ,  business consulting  ,  business consultant",Posted few days ago
Manager Agile Operations - Link TrialBase,Veeva Systems,3 - 6 yrs,None,Germany,,"data science  ,  software engineering  ,  san  ,  customer success  ,  consulting  ,  data governance  ,  forms",Posted few days ago
Data Scientist  ( f / m / d ),Alstom Projects India Ltd.,1 - 9 yrs,None,,,"data science  ,   machine learning  ,   analytics  ,   software development  ,   electronics   ,  algorithms  ,  data mining  ,  database  ,  infrastructure  ,  reporting tools",Posted few days ago
Senior Consultant,Risk Management Solutions Inc.,7 - 10 yrs,None,,,"                project leader  ,  java  ,  use cases  ,  advanced analytics  ,  business analyst  ,  sql  ,  data science  ,  functional specifications  ,  consulting  ,  analyst",Posted few days ago
Sr. Data Scientist,pegasus knowledge solutions india pvt ltd.,5 - 8 yrs,None,Bengaluru / Bangalore,,"                data mining  ,  anova  ,  spss  ,  data science  ,  use cases  ,  data scientist  ,  arima  ,  data analytics  ,  sas  ,  written communication",Posted few days ago
Business Intelligence Developer,NeenOpal Intelligent Solutions Private Limited,0 - 3 yrs,None,Bengaluru / Bangalore,,"                business requirements  ,  information technology  ,  bi  ,  data warehousing  ,  dashboards  ,  data science  ,  business analysis  ,  tableau",Posted few days ago
Data and Analytics Solution Expert,NeenOpal Intelligent Solutions Private Limited,2 - 5 yrs,None,Bengaluru / Bangalore,,"                spss  ,  data warehousing  ,  sql  ,  data science  ,  data visualization  ,  advanced analytics  ,  solution architect  ,  sas  ,  tableau  ,  project delivery",Posted few days ago
Business Analyst,Sourcedesk Global Private Limited,2 - 7 yrs,None,Kolkata,,"                c  ,  information technology  ,  consulting  ,  business analyst  ,  data science  ,  pre-sales support",Posted few days ago
Paytm - Product Management - Product Manager - Data Product ( Machine Learning ),Paytm,2 - 5 yrs,None,Noida/Greater Noida,,"                product management   ,   machine learning   ,   data product   ,   data science   ,   product strategy   ,  algorithms  ,  brewing  ,  software engineer  ,  ant",Posted a month ago
Business Analyst,HyreFox Consultants,5 - 8 yrs,None,Bengaluru / Bangalore,,"                business requirements  ,  business analyst  ,  sql  ,  process mapping  ,  data science  ,  brd  ,  data analysis  ,  requirement elicitation  ,  written communication  ,  visio",Posted 1 day ago
Principal Data Scientist,Sigmoid,10 - 13 yrs,None,Bengaluru / Bangalore,,"data science   ,   machine learning   ,   ai and analytics   ,   python programming   ,   client engagement   ,  algorithms  ,  data mining  ,  artificial intelligence  ,  sql  ,  it management  ,  san  ,  nosql",Posted 2 days ago
Engagement Manager,Sigmoid,6 - 9 yrs,None,Bengaluru / Bangalore,,"data science   ,   business consulting   ,   analytics   ,   ai   ,   dataops   ,  technology consulting  ,  cpg  ,  san  ,  customer analytics  ,  data analysis  ,  predictive analytics",Posted 2 days ago
AI-ML Engineer,shopsocially,3 - 5 yrs,None,"Kanpur,  Pune",,"                machine learning   ,   data science   ,   analytics   ,   python programming   ,   aws   (  amazon web services  )     ,  algorithms  ,  sql  ,  software engineering  ,  cloud computing  ,  nosql",Posted 4 days ago
Senior Customer Success Manager,shopsocially,5 - 8 yrs,None,Pune,,"                customer success   ,   account management   ,   data analytics   ,   loyalty programs   ,   strategic consulting   ,  data science  ,  domain expert  ,  consultant  ,  web technologies",Posted 4 days ago
Aera Technology - Operations Research Specialist,Aera Technology,10 - 15 yrs,None,Pune,,"                operations research   ,   mathematical optimization   ,   data science   ,   machine learning   ,   optimization modelling   ,  algorithms  ,  linux  ,  san  ,  python  ,  solution delivery  ,  infrastructure",Posted few days ago
Reservoir Engineer,Exxonmobil Company India Pvt Ltd,3 - 10 yrs,None,Bengaluru / Bangalore,,"                reservoir engineering  ,   analytical skills  ,   reservoir simulation  ,   data science  ,   fluid mechanics   ,  python  ,  ipm  ,  eclipse  ,  storage  ,  security  ,  machine learning",Posted few days ago
Data Scientist,axmiyan hr solutions private limited,3 - 6 yrs,None,Gurgaon,,"                time series analysis  ,  linear regression  ,  data science  ,  data scientist  ,  logistic regression  ,  image processing  ,  advanced analytics  ,  factor analysis",Posted few days ago
"Full Stack Software Developer - Python ,  GenAI",SAP Ariba,3 - 6 yrs,None,Bengaluru / Bangalore,,"                python  ,   genai  ,   software development  ,   ai solutions  ,   data science   ,  artificial intelligence  ,  database  ,  software engineer  ,  mobile  ,  machine learning  ,  software developer",Posted a month ago
Senior Manager Analytics,Sigmoid,8 - 12 yrs,None,Bengaluru / Bangalore,,"                data analytics   ,   data visualization   ,   business intelligence   ,   problem solving   ,   project management   ,  san  ,  advanced analytics  ,  bi  ,  dashboards  ,  tableau  ,  data science  ,  client interaction  ,  sql database",Posted 2 days ago
Senior Data Analyst,Sigmoid,3 - 6 yrs,None,Bengaluru / Bangalore,,"                data analytics   ,   data visualization   ,   business intelligence   ,   statistical  /  ml techniques   ,   team management   ,  san  ,  advanced analytics  ,  spotfire  ,  bi  ,  data analyst  ,  tableau  ,  data science  ,  client interaction  ,  sql database",Posted 2 days ago
Staff Product Analyst,freshworks technologies ltd,8 - 11 yrs,None,Bengaluru / Bangalore,,"                visualization  ,  dashboards  ,  text analytics  ,  logistic regression  ,  advanced analytics  ,  data analytics  ,  data mining  ,  bi  ,  sql  ,  database  ,  data science  ,  product analyst  ,  data visualization  ,  cluster analysis  ,  crm  ,  san  ,  data analysis  ,  tableau",Posted 2 days ago
Power BI Specialist,Alstom Projects India Ltd.,1 - 5 yrs,None,,,"                data analysis   ,   digitalization expertise   ,   tableau   ,   qlik sense   ,   project management   ,  data mining  ,  bi  ,  sql  ,  data extraction  ,  database  ,  data science  ,  use cases  ,  business process  ,  infrastructure",Posted 4 days ago
Manager - Analytics,Sigmoid,5 - 8 yrs,None,Bengaluru / Bangalore,,"                data analytics   ,   data visualization   ,   business intelligence   ,   statistical  /  ml techniques   ,   team management   ,  san  ,  advanced analytics  ,  spotfire  ,  bi  ,  data analyst  ,  tableau  ,  data science  ,  client interaction  ,  sql database",Posted 5 days ago
Data Scientist Designation: Data Scientist | Experience: 10 years | Qualification: BE / B Tech | Location: Hyderaba,colruyt it consultancy india pvt ltd.captive of colruyt belgium,7 - 12 yrs,None,Hyderabad/Secunderabad,,"                data analysis   ,   statistical modeling   ,   python programming   ,   problem solving   ,   communication   ,  data science  ,  data scientist  ,  text mining  ,  logistic regression  ,  image processing  ,  statistical analysis",Posted few days ago
Resident Solutions Architect  ( Remote ),Acceldata,4 - 10 yrs,None,Bengaluru / Bangalore,,"                data engineering  ,   data science  ,   cloud technology  ,   technical leadership  ,   troubleshooting   ,  hive  ,  bootstrap  ,  docker  ,  security  ,  java  ,  big data  ,  python  ,  oracle  ,  solution architect  ,  infrastructure",Posted few days ago
Aera Technology - Senior Database Engineer,Aera Technology,6 - 9 yrs,None,Pune,,"                database engineering  ,   cloud database  ,   data engineering  ,   data science  ,   automation   ,  mysql  ,  mongodb  ,  san  ,  rdbms  ,  oracle  ,  nosql  ,  neo4j  ,  cassandra  ,  infrastructure  ,  production environment  ,  management systems",Posted few days ago
Senior Manager - Product Analytics,freshworks technologies ltd,10 - 13 yrs,None,,,"                visualization  ,  dashboards  ,  text analytics  ,  logistic regression  ,  advanced analytics  ,  data analytics  ,  data mining  ,  bi  ,  sql  ,  database  ,  data science  ,  data visualization  ,  cluster analysis  ,  crm  ,  san  ,  data analysis  ,  tableau",Posted few days ago
Paytm - Business Analyst - Creditmate,Paytm,4 - 7 yrs,None,Mumbai,,"                mathematics   ,   programming languages   ,   data visualization   ,   problem solving   ,   communication    ,  business analyst  ,  sql  ,  brewing  ,  data science  ,  use cases  ,  data analysis  ,  data analytics  ,  clm  ,  consulting  ,  business reporting  ,  tableau  ,  written communication",Posted a month ago
Lead Data Analyst,shopsocially,7 - 10 yrs,None,Pune,,"                data analytics   ,   business intelligence   ,   sql   ,   python programming   ,   data visualization   ,  dashboards  ,  data science  ,  use cases  ,  software engineering  ,  macros  ,  data analysis  ,  customer success  ,  business analytics  ,  data analyst  ,  tableau  ,  consultant  ,  statistical analysis",Posted 4 days ago
HRGS Data  &  Systems Analyst 1,Alstom Projects India Ltd.,5 - 8 yrs,None,Bengaluru / Bangalore,,"                hr tools expertise  ,   data analysis  ,   data quality  ,   systems analysis  ,   training materials preparation   ,  visualization  ,  dashboards  ,  system development  ,  data analytics  ,  user training  ,  qlik sense  ,  vba  ,  excel vba  ,  bi  ,  database  ,  data science  ,  data visualization  ,  tableau  ,  analyst",Posted few days ago
Requirement Engineer / Business Analyst - Insurance�  /  /  2.5 years,2COMS Consulting Pvt Ltd     ,4 - 9 yrs,None,"Bengaluru / Bangalore,  Hyderabad/Secunderabad,  Pune,  Chennai,  Delhi/NCR",,"                Python  ,   machine learning  ,   NLP  ,   TensorFlow  ,   Artificial Intelligence  ,   PY packages",Posted 1 day ago
SAP BW HANA /  /  Mumbai  /  /  5- 9 Yrs,2COMS Consulting Pvt Ltd     ,5 - 9 yrs,None,Mumbai,,                SAP BW HANA,Posted 4 days ago
Diploma Student Internship in Ahmedabad,Maxgen Technologies     ,0 - 1 yrs,None,"Ahmedabad,  Mehsana,  Rajkot,  Surat,  Surendranagar",,                .,Posted few days ago
Flutter Internship in Ahmedabad,Maxgen Technologies     ,0 - 1 yrs,None,"Ahmedabad,  Bhavnagar,  Gandhinagar,  Jamnagar,  Mehsana",,                .,Posted few days ago
Testing - Insurance Domain  /  /   Location: Mumbai   /  /   Exp: 6 - 1,2COMS Consulting Pvt Ltd     ,8 - 18 yrs,None,Mumbai,,"                Trade  ,   Cheque processing",Posted 1 day ago
Senior Data Scientist,2COMS Consulting Pvt Ltd     ,6 - 8 yrs,None,Bengaluru / Bangalore,,                Data scientist,Posted few days ago
Data Engineer - Snowflake,2COMS Consulting Pvt Ltd     ,5 - 7 yrs,None,Hyderabad/Secunderabad,,                Snowflake,Posted few days ago
".net Full Stack Developer  /  /  Powai ,  Mumbai  /  /  5-9 years",2COMS Consulting Pvt Ltd     ,5 - 9 yrs,None,Mumbai,,"                Net Core  ,   AWS Services for .net Core",Posted few days ago
"SAP ABAP Developer  /  /  Powai ,  Mumbai  /  /  5-8 years",2COMS Consulting Pvt Ltd     ,5 - 10 yrs,None,Mumbai,,                SAP ABAP,Posted 1 day ago
Data Engineer - Snowflake,2COMS Consulting Pvt Ltd     ,5 - 7 yrs,None,Bengaluru / Bangalore,,                snowflakes,Posted few days ago
SAP FICO  /  /  Mumbai  /  /  5- 8 Yrs,2COMS Consulting Pvt Ltd     ,5 - 10 yrs,None,Mumbai,,"                SAP  ,   FICO",Posted 1 day ago
Sr Data Engineering Databricks,2COMS Consulting Pvt Ltd     ,5 - 8 yrs,None,Hyderabad/Secunderabad,,"                Databricks  ,   Pyspark  ,   SQL",Posted few days ago
MCA Internship in Ahmedabad,Maxgen Technologies     ,0 - 1 yrs,None,"Ahmedabad,  Mehsana,  Rajkot,  Surat,  Surendranagar",,                .,Posted few days ago
Admission Counselor,madrid software solutions pvt ltd     ,1 - 5 yrs,None,Delhi,,"                sales  ,  counselling  ,  edtech  ,  zoho",Posted a month ago
15 Days Internship in Ahnedabad,Maxgen Technologies     ,0 - 1 yrs,None,"Ahmedabad,  Mehsana,  Rajkot,  Surat,  Surendranagar",,                college project,Posted a month ago
Business Analyst,2COMS Consulting Pvt Ltd     ,8 - 18 yrs,None,Mumbai,,                Business Analyst,Posted 3 days ago
SAP FICO  /  /  Mumbai  /  /  5- 8 Yrs,2COMS Consulting Pvt Ltd     ,5 - 10 yrs,None,Mumbai,,"                SAP  ,   FICO",Posted a month ago
Placement Trainer,codekids Technologies     ,3 - 5 yrs,None,Hyderabad/Secunderabad,,"                python  ,  java  ,  coroporate training  ,  webdevelopment  ,  placement trainer  ,  trainer  ,  trainee  ,  Training  ,  market knowledge  ,  c ++  ,  application programming  ,  career counselling",Posted a month ago
"Data Analyst , Data Analyst / Modeler , Business Analyst , Manager",Prime immigration llp     ,3 - 8 yrs,None,"Dubai,  Australia,  Canada,  Germany",,"                Business Analysis  ,  Lead Generation  ,  Market Research  ,  Digital Marketing  ,  Online Marketing  ,  Data Analysis",Posted a month ago
Sr Data Engineering Databricks,2COMS Consulting Pvt Ltd     ,5 - 8 yrs,None,Hyderabad/Secunderabad,,"                Databricks  ,   Pyspark  ,   SQL",Posted a month ago
SOC Security Governance  ( Mumbai ),2COMS Consulting Pvt Ltd     ,1 - 12 yrs,None,Hyderabad/Secunderabad,,                Cyber Security Governance,Posted 3 days ago
College project Internship in Ahmedabad,Maxgen Technologies     ,0 - 1 yrs,None,"Ahmedabad,  Mehsana,  Rajkot,  Surat,  Surendranagar",,                student project,Posted a month ago
SAP BW HANA /  /  Mumbai  /  /  5- 9 Yrs,2COMS Consulting Pvt Ltd     ,5 - 9 yrs,None,Mumbai,,                SAP BW HANA,Posted a month ago
Sr Data Engineering Databricks,2COMS Consulting Pvt Ltd     ,5 - 8 yrs,None,Hyderabad/Secunderabad,,"                Databricks  ,   Pyspark  ,   SQL",Posted a month ago
BE Internship in Ahmedabad,Maxgen Technologies     ,0 - 1 yrs,None,"Ahmedabad,  Mehsana,  Rajkot,  Surat,  Surendranagar",,                BE internship,Posted a month ago
Senior Data Scientist,2COMS Consulting Pvt Ltd     ,6 - 8 yrs,None,Bengaluru / Bangalore,,                Data scientist,Posted a month ago
Winter Internship in Ahmedabad,Maxgen Technologies     ,0 - 1 yrs,None,"Ahmedabad,  Bhavnagar,  Gandhinagar,  Jamnagar,  Mehsana",,                project,Posted a month ago
MCA Internship in Ahmedabad,Maxgen Technologies     ,0 - 1 yrs,None,"Ahmedabad,  Bhavnagar,  Gandhinagar,  Jamnagar,  Mehsana",,                internship,Posted a month ago
Data Engineer - Snowflake,2COMS Consulting Pvt Ltd     ,5 - 7 yrs,None,Bengaluru / Bangalore,,                snowflakes,Posted a month ago
Principal Engineer Data Scientist REF13884G AllClientLoc J47475,SAMPOORNA CONSULTANTS PVT LTD     ,13 - 15 yrs,None,"Bengaluru / Bangalore,  Chennai,  Gurgaon,  Mumbai,  Noida/Greater Noida",,"                Scrum Master  ,  Manufacturing and Automation  ,  Data Analytics",Posted few days ago
".net Full Stack Developer  /  /  Powai ,  Mumbai  /  /  5-9 years",2COMS Consulting Pvt Ltd     ,5 - 9 yrs,None,Mumbai,,"                Net Core  ,   AWS Services for .net Core",Posted a month ago
"SAP ABAP Developer  /  /  Powai ,  Mumbai  /  /  5-8 years",2COMS Consulting Pvt Ltd     ,5 - 10 yrs,None,Mumbai,,                SAP ABAP,Posted a month ago
SAP FICO  /  /  Mumbai  /  /  5- 8 Yrs,2COMS Consulting Pvt Ltd     ,5 - 10 yrs,None,Mumbai,,"                SAP  ,   FICO",Posted a month ago
College Project Internship in Pune,Maxgen Technologies     ,0 - 1 yrs,None,"Pune,  Amravati,  Aurangabad,  Sangli,  Satara",,                .,Posted a month ago
MCA Internship in Pune,Maxgen Technologies     ,0 - 1 yrs,None,"Pune,  Jalgaon,  Kolhapur,  Nagpur,  Solapur",,                mca,Posted few days ago
data analyst,RS Patel and Co     ,1 - 3 yrs,None,Ahmedabad,,                data analysis,Posted a month ago
One Month Internship in Pune,Maxgen Technologies     ,0 - 1 yrs,None,"Pune,  Amravati,  Aurangabad,  Sangli,  Satara",,                .,Posted few days ago
Lead Data Analyst- Mumbai / Kolkata,PES HR SERVICES     ,8 - 13 yrs,None,"Kolkata,  Mumbai",,"                Snowflake  ,  etl  ,    ,  Data Warehousing  ,  SQL  ,  AWS  ,  Azure  ,  tableau",Posted a month ago
Full Stack Internship in Pune,Maxgen Technologies     ,0 - 1 yrs,None,"Pune,  Amravati,  Aurangabad,  Sangli,  Satara",,                full stack,Posted a month ago
Software Developer,GENIQUE MANAGEMENT SERVICES PRIVATE LIMITED     ,5 - 10 yrs,None,"Ahmedabad,  Kolkata,  Mumbai,  Australia,  Canada",,"                java  ,  python  ,  c#  ,  sql  ,  c  ,  c ++  ,  software tester  ,  android  ,  ios  ,  html  ,  angular  ,  Javascript  ,  Css  ,  oracle  ,  php  ,  postgres  ,  sdet  ,  .net  ,  asp.net  ,  ETL Developer  ,  etl designer  ,  bi developer",Posted a month ago
Job Openings for Freshers,KIMSIS TECHNOLOGIES PRIVATE LIMITED     ,0 - 1 yrs,None,"Bengaluru / Bangalore,  Chennai,  Hyderabad/Secunderabad,  Mumbai",,                Freshers,Posted few days ago
Web Developer,GENIQUE MANAGEMENT SERVICES PRIVATE LIMITED     ,3 - 8 yrs,None,"Bengaluru / Bangalore,  Chennai,  Hyderabad/Secunderabad,  Australia,  Canada",,"                html  ,  css  ,  Xml  ,  php  ,  angular  ,  react  ,  java  ,  javascript  ,  Dhtml  ,  Sql  ,  Core Java  XML  ,  c ++",Posted few days ago
Work with MNC I.T Companies,HzronTech     ,0 - 3 yrs,None,Pune,,"                Manufacturing  ,  Engineering  ,  e & tc  ,  Mechanical  ,  electronics  ,  Stores Inventory  ,  logistics  ,  Procurement  ,  sap  ,  production  ,  Core Java  J2EE  ,  sales  ,  marketing  ,  human resources",Posted 4 days ago
Sr. Data Scientist,ORMAE LLP,3 - 10 yrs,None,Bengaluru / Bangalore,,"                algorithms  ,  python  ,  machine learning  ,  sql  ,  d3.js  ,  data structures  ,  mongodb",Posted 3 days ago
Senior Data Scientist,Sigmoid,3 - 5 yrs,None,Bengaluru / Bangalore,,"                learning acumen   ,   team management   ,   problem solver   ,   data interpretation   ,   machine learning   ,  algorithms  ,  information technology  ,  data extraction  ,  java  ,  linux  ,  big data  ,  san  ,  python",Posted 2 days ago
Sr. Data Scientist,IRT Computer Solutions  ( I )  Pvt Ltd,5 - 8 yrs,None,"Hyderabad/Secunderabad,  Chennai",,"                hive  ,  python  ,  c    ,  machine learning  ,  sql  ,  database  ,  java  ,  mapreduce  ,  mysql  ,  hadoop",Posted 4 days ago
Associate Manager Analytics,Sigmoid,4 - 8 yrs,None,Bengaluru / Bangalore,,"                programming   (  python  ,   r  ,   sql  ,   nosql  ,   spark  )     ,   ml tools  &  cloud technology   (  aws  ,   azure  ,   gcp  )     ,   python libraries   (  numpy  ,   pandas  ,   scikit learn  ,   tensor flow  ,   scapy  ,   scrapy  ,   bert  )     ,   statistics   ,   machine learning algorithms   (  svm  ,   random forest  ,   neural network  ,   decision tree  ,   logistic regression  ,   k mean",Posted 2 days ago
Sr. Data Scientist,ORMAE LLP,5 - 8 yrs,None,"Delhi,  Delhi/NCR",,"                algorithms  ,  sql  ,  d3.js  ,  data structures  ,  mongodb  ,  genesys  ,  python  ,  machine learning",Posted 3 days ago
Technical Project Manager,HyreFox Consultants,8 - 12 yrs,None,Bengaluru / Bangalore,,"                mitigation  ,  program management  ,  change management  ,  technical project manager",Posted 1 day ago
Manager Analytics,Splash India Private Limited,5 - 6 yrs,None,Gurgaon,,"                sql  ,  database  ,  postgresql  ,  mysql  ,  api  ,  mongodb  ,  cloud services  ,  python  ,  sas  ,  machine learning",Posted 2 days ago
Sr. Software Engineer,algonox technologies,2 - 5 yrs,None,Hyderabad/Secunderabad,,"                image processing  ,  python  ,  c    ,  natural language processing  ,  machine learning  ,  sql  ,  nosql  ,  docker  ,  java  ,  software engineer  ,  software engineering",Posted 5 days ago
Master Thesis - Vsters,Alstom Projects India Ltd.,0 - 1 yrs,None,,,"                electrical design   ,   mechanical design   ,   control theory   ,   software development and test   ,   project management   ,  motors  ,  manufacturing  ,  planning",Posted 3 days ago
Product Analyst I,MiQ Digital India,1 - 2 yrs,None,Bengaluru / Bangalore,,"                data analysis   ,   sql   ,   big data ecosystem   ,   programming   (  python  ,   r  )     ,   communication skills   ,  hive  ,  pig  ,  hadoop  ,  infrastructure",Posted 5 days ago
"Data Scientist - ML ,  Python ,  AWS / Azure - 4-7 years -",crescendo global,4 - 7 yrs,None,"Mumbai,  Bengaluru / Bangalore,  Pune",,"                ml   (  machine learning  )     ,   python   ,   aws  /  azure   ,   data scientist   ,   sql   ,  algorithms  ,  bi",Posted 5 days ago
Data Analyst,SBM OFFSHORE,3 - 5 yrs,None,Bengaluru / Bangalore,,"                data analysis  ,   analytics  ,   python  ,   power bi  ,   visualization   ,  hive  ,  data extraction  ,  api  ,  oracle  ,  sas  ,  microsoft azure",Posted 4 days ago
Lead Data Scientist,SRIJAN TECHNOLOGIES,6 - 10 yrs,None,Other City(s) in Haryana,,"                ai  /  ml   ,   nlp   ,   python   ,   aws  /  azure  /  gcp   ,   mlops   ,  orchestration  ,  software engineering  ,  machine vision  ,  docker  ,  oops  ,  debugging  ,  cloud computing  ,  natural language processing  ,  team player  ,  machine learning  ,  written communication",Posted 5 days ago
Simpl - Analytics Manager,m / s simplex infrastructures ltd,5 - 8 yrs,None,Bengaluru / Bangalore,,"                analytics  ,   quantitative  ,   analytical tools  ,   product growth  ,   statistical solutions   ,  advanced excel  ,  finance",Posted 5 days ago
Product Marketing  &  Sales Manager,vConstruct Pvt Ltd,4 - 7 yrs,None,Pune,,"                contractor  ,  building  ,  construction management  ,  construction engineering  ,  design  ,  civil  ,  construction  ,  construction manager  ,  dpr  ,  construction projects  ,  pipeline",Posted 5 days ago
Business Manager- Media Planning,PUBLICIS GROUPE,3 - 6 yrs,None,"Mumbai,  Bengaluru / Bangalore,  Pune,  Gurgaon",,"                people management  ,   brand management  ,   media strategy  ,   quality control  ,   presentation skills   ,  performance management",Posted 4 days ago
Lead - Product Marketing  ( Retention Marketing ),turtlemint insurance broking pvt ltd,6 - 11 yrs,None,Mumbai,,"                growth marketing   ,   analytics   ,   data analysis   ,   performance measurement   ,   marketing strategy    ,  insurance  ,  advisor  ,  insurance products  ,  healthinsurance  ,  life insurance  ,  motor insurance  ,  claims",Posted 5 days ago
Recruiting Associate  /  Talent acquisition specialist,vinayak solutions pvt. limited,2 - 5 yrs,None,Delhi,,"                interviewing  ,  ats  ,  screening  ,  mapping  ,  hr  ,  recruitment  ,  recruitment process",Posted 5 days ago
Machine Learning Engineer,TAC Security,0 - 3 yrs,None,Mumbai,,"                san  ,  python  ,  enterprise security  ,  machine learning  ,  artificial intelligence  ,  database  ,  security  ,  mysql  ,  hadoop  ,  big data",Posted 5 days ago
Senior Data Scientist and Lead Data Scientist,jupitice justice technologies pvt. ltd.,7 - 8 yrs,None,Chandigarh,,"                image processing  ,  algorithms  ,  python  ,  natural language processing  ,  ece  ,  machine learning  ,  git",Posted 5 days ago
Enterprise Key Account Manager,Maestro Placement Consultancy Services,5 - 10 yrs,None,"Hyderabad/Secunderabad,  Chennai,  Delhi/NCR,  Pune,  Bengaluru / Bangalore",,"                commerce  ,  accounts  ,   generating new sales",Posted 5 days ago
Business Manager-Programmatic,PUBLICIS GROUPE,6 - 9 yrs,None,"Mumbai,  Bengaluru / Bangalore,  Pune,  Gurgaon",,"                programmatic campaign management   ,   campaign analysis and optimization   ,   client relationship management   ,   knowledge of ad serving technologies   ,   analytical skills   ,  learning  ,  performance management",Posted 4 days ago
Business Manager-Programmatic,PUBLICIS GROUPE,6 - 9 yrs,None,"Mumbai,  Bengaluru / Bangalore,  Pune,  Gurgaon",,"                programmatic  ,   campaign management  ,   analysis  ,   optimization  ,   ad serving   ,  learning  ,  performance management",Posted 4 days ago
Associate Manager- Programmatic,PUBLICIS GROUPE,1 - 2 yrs,None,"Mumbai,  Bengaluru / Bangalore,  Pune,  Gurgaon",,"                programmatic campaign management   ,   campaign analysis   ,   client recommendations   ,   traffic management   ,   data analysis   ,  learning  ,  performance management",Posted 4 days ago
Senior Data Scientist,SRIJAN TECHNOLOGIES,3 - 5 yrs,None,Other City(s) in Haryana,,"                ai  /  ml  ,   python  ,   personalization  ,   recommendation  ,   data analysis   ,  orchestration  ,  software engineering  ,  machine vision  ,  docker  ,  oops  ,  debugging  ,  cloud computing  ,  natural language processing  ,  team player  ,  machine learning  ,  written communication",Posted 5 days ago
Sr. Data Engineer / Data Engineer,CIGNEX Datamatics Technologies Pvt Ltd,5 - 8 yrs,None,Bengaluru / Bangalore,,"                scala  ,  bi  ,  sql  ,  security  ,  java  ,  devops  ,  technical skills  ,  python  ,  machine learning  ,  infrastructure",Posted 5 days ago
Dun  &  Bradstreet - Software Engineer I - R-15384,dun and bradstreet india pvt ltd,2 - 5 yrs,None,Hyderabad/Secunderabad,,"                python  ,   sql  ,   application development  ,   data analysis  ,   cloud service providers   ,  software engineer",Posted 5 days ago
Dun  &  Bradstreet - Software Engineer I - R-15382,dun and bradstreet india pvt ltd,2 - 5 yrs,None,Hyderabad/Secunderabad,,"                1  )   python application development 2  )   sql data analysis 3  )   performance analysis 4  )   agile methodology 5  )   cloud service providers   (  aws  ,   azure  )     ,  software engineer",Posted 5 days ago
Dun  &  Bradstreet - Software Engineer I - R-15380,dun and bradstreet india pvt ltd,2 - 5 yrs,None,Hyderabad/Secunderabad,,"                python  ,   sql  ,   aws  ,   azure  ,   agile   ,  software engineer",Posted 5 days ago
Dun  &  Bradstreet - Software Engineer I - R-15378,dun and bradstreet india pvt ltd,2 - 5 yrs,None,Hyderabad/Secunderabad,,"                1  )   python development 2  )   sql analysis 3  )   data engineering 4  )   cloud service providers 5  )   agile methodology    ,  software engineer",Posted 5 days ago
Dun  &  Bradstreet - Software Engineer I,dun and bradstreet india pvt ltd,2 - 5 yrs,None,Hyderabad/Secunderabad,,"                python  ,   sql  ,   application development  ,   data analysis  ,   cloud services   ,  software engineer",Posted 5 days ago
Safe Security - Financial Risk Analyst,lucideus technology pvt ltd,2 - 3 yrs,None,"Delhi,  Bengaluru / Bangalore,  Delhi/NCR",,"                financial risk analysis  ,   cybersecurity  ,   research skills  ,   attention to detail  ,   excel  /  google spreadsheets proficiency   ,  litigation",Posted 5 days ago
Lifecycle Marketing Manager,revinfotech pvt. ltd.,4 - 7 yrs,None,Gurgaon,,"                lifecycle marketing   ,   customer obsessed   ,   multi channel campaigns   ,   product adoption   ,   data driven business cases   ,  marketing automation  ,  marketing campaigns  ,  product marketing  ,  digital media  ,  segmentation  ,  quantitative research  ,  marketing programs",Posted 5 days ago
UI / UX Designer_DE,Sigmoid,3 - 10 yrs,None,Bengaluru / Bangalore,,"                ui  /  ux design   ,   data visualization   ,   figma   ,   adobe creative cloud   ,   communication skills   ,  authoring  ,  wireframing  ,  data warehousing  ,  storage  ,  sql  ,  san  ,  website  ,  user experience  ,  visual design  ,  written communication  ,  wireframes",Posted 5 days ago
Senior Big Data Engineer,CTE,6 - 12 yrs,None,,,"                hive  ,  sql  ,  xml  ,  linux  ,  shell scripting  ,  hadoop  ,  api  ,  big data  ,  pl  /  sql  ,  python  ,  oracle  ,  ddl  ,  sql scripting",Posted 5 days ago
Analyst - Commerce,PUBLICIS GROUPE,0 - 2 yrs,None,"Gurgaon,  Mumbai,  Pune,  Bengaluru / Bangalore",,"                campaigns  ,  performance marketing  ,  google adwords  ,  marketing",Posted 5 days ago
Data Engineer,Veeva Systems,2 - 3 yrs,None,Spain,,"                java  ,  apache  ,  devops  ,  san  ,  python  ,  machine learning  ,  forms",Posted 5 days ago
AI  &  ML Engineer,HyreFox Consultants,0 - 3 yrs,None,"Hyderabad/Secunderabad,  Jaipur,  Bengaluru / Bangalore",,"                algorithms  ,  data warehousing  ,  sql  ,  security  ,  hadoop  ,  big data  ,  cloud computing  ,  python  ,  machine learning  ,  nosql  ,  infrastructure",Posted 5 days ago
Data Analyst 3 - Zynga - Zynga,ZYNGA,5 - 9 yrs,None,Bengaluru / Bangalore,,"                data analysis   ,   sql   ,   python programming   ,   machine learning   ,   communication skills   ,  games  ,  messaging  ,  hadoop  ,  san",Posted 5 days ago
Manager-Program Delivery,RateGain IT Solutions Pvt Ltd,7 - 12 yrs,None,Noida/Greater Noida,,"                pmp  ,  project manager  ,  sow  ,  prince2  ,  delivery management  ,  c#.net  ,  conference  ,  sql  ,  client engagement  ,  consultant  ,  customer facing",Posted 4 days ago
Dun  &  Bradstreet - Customer Success Manager - Global Accounts,dun and bradstreet india pvt ltd,3 - 6 yrs,None,Mumbai,,"                consultative pre sales   ,   data assets   ,   business impact   ,   communication skills   ,   problem solving skills   ,  interpersonal skills  ,  job posting  ,  presentation skills  ,  processing",Posted 5 days ago
Software Engineer,Alstom Projects India Ltd.,5 - 7 yrs,None,,,"                software development  ,   java  ,   python  ,   sql  ,   test driven development   ,  apache  ,  devops  ,  software engineering  ,  software developer  ,  algorithms  ,  security  ,  database  ,  linux  ,  microsoft azure  ,  machine learning  ,  infrastructure",Posted 5 days ago
Technical Architect - React / Node  ( Dehradun ),ebizon net info  ( p )  ltd,10 - 13 yrs,None,Dehradun,,"                technical architecture   ,   full stack development   ,   js based technologies   ,   relational and non relational databases   ,   microservices   ,  technical leadership  ,  java  ,  software development  ,  mobile  ,  saas",Posted 5 days ago
Master Thesis - Gteborg,Alstom Projects India Ltd.,0 - 1 yrs,None,,,"                railway systems  ,   engineering challenges  ,   software development  ,   testing  ,   safety analysis   ,  algorithms  ,  c    ,  java  ,  tcl  ,  python  ,  infrastructure",Posted 5 days ago
Simpl - Data Analyst Fraud,m / s simplex infrastructures ltd,1 - 5 yrs,None,Bengaluru / Bangalore,,"                quantitative analytics   ,   risk assessment   ,   fraud detection   ,   underwriting   ,   machine learning   ,  bi  ,  sql  ,  python",Posted 5 days ago
Senior Associate - Marketing,PUBLICIS GROUPE,3 - 4 yrs,None,Mumbai,,"                social media  ,   pr  ,   events  ,   thought leadership  ,   program management   ,  press  ,  team player",Posted 5 days ago
Senior Associate Technology L2 - Salesforce Marketing Cloud,PUBLICIS GROUPE,2 - 5 yrs,None,Mumbai,,"                sfmc specialization   ,   data modeling   ,   sql   ,   large scale application design   ,   consulting skills   ,  css  ,  salesforce  ,  html  ,  api  ,  middleware  ,  rest  ,  mobile  ,  javascript  ,  written communication  ,  soap",Posted 5 days ago
Manager Technology - SFDC,PUBLICIS GROUPE,2 - 12 yrs,None,Mumbai,,"                salesforce technical architect   ,   verbal and communication   ,   solution documentation   ,   salesforce implementation   ,   data modeling   ,  css  ,  apex  ,  heroku  ,  api  ,  visualforce  ,  mobile  ,  project delivery",Posted 5 days ago
Salesforce Technical Lead,HyreFox Consultants,6 - 10 yrs,None,Jaipur,,"                salesforce development   ,   visualforce   ,   apex   ,   java   ,   oracle   ,  j2ee  ,  api  ,  salesforce developer  ,  problem solving  ,  triggers",Posted 5 days ago
Salesforce Technical Architect,HyreFox Consultants,8 - 12 yrs,None,Jaipur,,"                salesforce  /  lightning  ,   apex  ,   crm  ,   data driven designs  ,   integration    ,  salesforce developer  ,  visualforce  ,  problem solving  ,  team player  ,  triggers",Posted 5 days ago
Senior Software Engineer -  ( .net ),ICERTIS,4 - 8 yrs,None,Pune,,"                python   ,   c#   ,   asp  ,  net   ,   mvc   ,   nlp   ,  algorithms  ,  business rules  ,  senior software engineer  ,  asp.net  ,  data structures  ,  windows azure  ,  c# .net",Posted 5 days ago
Position Enterprise Account Head,Maestro Placement Consultancy Services,14 - 17 yrs,None,Kolkata,,"                business leadership  ,  corporate sales  ,  sales  ,  retail  ,  sales professional  ,  customer relationship manager  ,  cxo  ,  innovation  ,  manager  ,  sales cycle  ,  account management  ,  market  ,  build  ,  customer facing",Posted 5 days ago
SDE II - Frontend,netomi  ( msgai labs ),3 - 6 yrs,None,Gurgaon,,"                html5  ,  senior software engineer  ,  artificial intelligence  ,  devops  ,  api  ,  rest  ,  javascript",Posted 5 days ago
"Lead ,  Selection Model Development",Teach For India,5 - 8 yrs,None,"Mumbai,  Delhi,  Delhi/NCR,  Pune,  Bengaluru / Bangalore",,"                learning  ,  hr  ,  recruitment  ,  communication  ,  communication skills  ,  tni  ,  leadership development",Posted 5 days ago
Automation Engineer,bekaert india technical center,3 - 6 yrs,None,Pune,,"                automation engineering   ,   programming   ,   control technology   ,   mechatronics   ,   analytical thinking   ,  bom  ,  hmi  ,  motors  ,  safety  ,  manufacturing  ,  machinist  ,  coating  ,  plc  ,  implementation  ,  documentation  ,  ideas  ,  material science",Posted 5 days ago
Data Architect,Alstom Projects India Ltd.,5 - 7 yrs,None,,,"                data architecture   ,   java  /  python programming   ,   database optimization   ,   data pipeline management   ,   cloud computing   ,  apache  ,  devops  ,  nosql  ,  algorithms  ,  storage  ,  security  ,  linux  ,  software engineer  ,  microsoft azure  ,  machine learning  ,  infrastructure",Posted 5 days ago
Associate Manager- Programmatic,PUBLICIS GROUPE,0 - 2 yrs,None,"Mumbai,  Bengaluru / Bangalore,  Pune,  Gurgaon",,"                multichannel programmatic   ,   campaign performance analysis   ,   media recommendations   ,   campaign optimization   ,   online media understanding   ,  learning  ,  performance management",Posted 5 days ago
Business Manager-Programmatic,PUBLICIS GROUPE,6 - 9 yrs,None,"Mumbai,  Bengaluru / Bangalore,  Pune,  Gurgaon",,"                programmatic campaigns   ,   campaign performance analysis   ,   media recommendations   ,   ad serving technologies   ,   analytical tools    ,  learning  ,  performance management",Posted 5 days ago
"Iron Mountain Jobs - Data Scientist in Bangalore ,  India",iron mountain india pvt ltd,5 - 9 yrs,None,Bengaluru / Bangalore,,"                machine learning   ,   mathematical skills   ,   problem solving   ,   coding   ,   data visualization   ,  data mining  ,  storage  ,  sql  ,  database  ,  big data  ,  python  ,  cloud services  ,  information management  ,  forms",Posted 5 days ago
Cyber Security - Insider Risk Technical Engineer,infinity business solutions pvt ltd,4 - 6 yrs,None,Bengaluru / Bangalore,,"                kql  ,   dlp microsoft security  ,   soar  ,   mcafee  ,   networking architecture   ,  python  ,  team player  ,  nist  ,  servicenow",Posted 5 days ago
Media Performance Associate Manager,PUBLICIS GROUPE,2 - 4 yrs,None,"Mumbai,  Bengaluru / Bangalore,  Pune,  Gurgaon",,"                ecommerce analysis   ,   market research   ,   data analysis   ,   powerpoint skills   ,   proficiency in microsoft suite   ,  innovation  ,  production  ,  associate manager  ,  action",Posted 5 days ago
Associate Manager - Search  &  Social,PUBLICIS GROUPE,2 - 5 yrs,None,"Mumbai,  Gurgaon",,"                search  &  social   ,   campaign development   ,   data analysis   ,   paid search optimization   ,   microsoft office suite   ,  reporting  ,  reconciliation  ,  excel",Posted 5 days ago
Integration Engineer,locus.sh,3 - 5 yrs,None,Bengaluru / Bangalore,,"                integration  ,   support  ,   engineering  ,   api design  ,   technical support   ,  algorithms  ,  falcon  ,  python  ,  machine learning",Posted 5 days ago
Sr. Associate Technology,PUBLICIS GROUPE,10 - 13 yrs,None,Bengaluru / Bangalore,,"                css  ,  html5  ,  web development  ,  web api  ,  html  ,  mysql  ,  c#  ,  python  ,  javascript  ,  node.js  ,  .net  ,  algorithms  ,  jquery  ,  sql  ,  docker  ,  security  ,  mvc  ,  mongodb  ,  rest  ,  machine learning  ,  django  ,  infrastructure  ,  opencv  ,  sql database",Posted 5 days ago
Chatbot Developer,PUBLICIS GROUPE,2 - 3 yrs,None,Bengaluru / Bangalore,,"                css  ,  html5  ,  web development  ,  web api  ,  html  ,  mysql  ,  c#  ,  python  ,  javascript  ,  node.js  ,  .net  ,  algorithms  ,  jquery  ,  sql  ,  docker  ,  security  ,  mvc  ,  mongodb  ,  rest  ,  machine learning  ,  django  ,  infrastructure  ,  opencv  ,  sql database",Posted 5 days ago
Site Reliability Engineer,evertz,3 - 6 yrs,None,,,"                orchestration  ,  java  ,  python  ,  security  ,  linux  ,  machine learning  ,  infrastructure  ,  splunk",Posted 5 days ago
Lead ML Engineer,IDP EDUCATION INDIA PVT LTD,10 - 13 yrs,None,Chennai,,"                algorithms  ,  software engineering  ,  data structures  ,  python  ,  machine learning  ,  infrastructure",Posted 5 days ago
Scrum Master Pricing Optimization  &  Commercial Dashboard,bekaert india technical center,5 - 9 yrs,None,Bengaluru / Bangalore,,"                scrum master   ,   pricing optimization   ,   commercial dashboard   ,   data analytics   ,   agile  /  scrum methodologies   ,  information technology  ,  bi  ,  agile development  ,  sql  ,  security  ,  sap bw  ,  project management  ,  collaboration  ,  project delivery  ,  delivery lead",Posted 5 days ago
Data Architect Commercial,bekaert india technical center,10 - 13 yrs,None,Bengaluru / Bangalore,,"                data architecture  ,   azure cloud services  ,   agile environment  ,   data modelling  ,   data integration patterns   ,  etl  ,  data profiling  ,  data engineer  ,  data quality  ,  data warehousing  ,  crm  ,  solution architect  ,  infrastructure  ,  sql database",Posted 5 days ago
Sr. Programmatic Trader - Bangalore,MiQ Digital India,5 - 8 yrs,None,"Puri,  Bengaluru / Bangalore",,"                programmatic expertise   ,   data analysis   ,   campaign execution   ,   client servicing   ,   communication skills   ,  bi  ,  sql  ,  rest  ,  python  ,  mobile  ,  problem solving  ,  infrastructure",Posted 5 days ago
Full Stack Developer  Node JS,AugmatrixGo,4 - 6 yrs,None,Bengaluru / Bangalore,,"                mobile  ,  problem solving  ,  svn  ,  storage  ,  javascript  ,  jquery  ,  elastic search  ,  git  ,  couchbase  ,  system development  ,  mysql  ,  big data",Posted few days ago
Position title Lead Data Scientist,grazitti interactive,6 - 9 yrs,None,Mohali,,"                artificial intelligence  ,  sql  ,  python  ,  machine learning",Posted few days ago
Data Engineer,litmus7 systems consulting private limited,1 - 3 yrs,None,Cochin/ Kochi/ Ernakulam,,"                python  ,  orchestration  ,  sql",Posted few days ago
Chief Technology Officer,AugmatrixGo,8 - 10 yrs,None,Bengaluru / Bangalore,,"                hosting  ,  storage  ,  jquery  ,  elastic search  ,  database  ,  java  ,  couchbase  ,  system development  ,  mysql  ,  web development  ,  big data  ,  cloud computing  ,  mongodb  ,  mobile  ,  machine learning  ,  javascript  ,  it professional",Posted few days ago
Statistical Programmer,CTE,3 - 15 yrs,None,,,"                biostatistics  ,  research  ,  statistician  ,  clinical  ,  clinical trials  ,  statistical analysis  ,  statistical programming",Posted few days ago
Solr search optimizer,CIGNEX Datamatics Technologies Pvt Ltd,3 - 7 yrs,None,"Ahmedabad,  Gurgaon,  Bengaluru / Bangalore",,"                python  ,  natural language processing  ,  maven  ,  lucene  ,  gradle  ,  java  ,  apache  ,  web development",Posted few days ago
Senior Python Developer,Tranzmeo It Solutions,3 - 6 yrs,None,Cochin/ Kochi/ Ernakulam,,"                python  ,  rdbms  ,  machine learning  ,  docker  ,  git  ,  oops  ,  debugging  ,  hadoop  ,  big data",Posted few days ago
Senior php fullsatck developer,alliance recruitment agency,3 - 7 yrs,None,Pune,,"                css  ,  html5  ,  symfony  ,  jquery  ,  sql  ,  docker  ,  database  ,  yii  ,  software engineering  ,  mysql  ,  object oriented programming  ,  mvc framework  ,  laravel  ,  python  ,  javascript  ,  php",Posted few days ago
Principal Architect,Techasoft Pvt Ltd,10 - 13 yrs,None,"Delhi,  Delhi/NCR,  Bengaluru / Bangalore",,"                git  ,  iam  ,  api  ,  microsoft azure  ,  visual studio  ,  sql database",Posted few days ago
"Data Scientist ,  Data Analyst",ion trading india pvt. ltd.,2 - 3 yrs,None,,,"                bi  ,  big data  ,  python  ,  information retrieval  ,  problem solving  ,  team player  ,  machine learning",Posted few days ago
Nielsen - Senior Software Developer,Nielsen Research Ltd. Co.,5 - 8 yrs,None,Bengaluru / Bangalore,,"                backend development   ,   data passion   ,   aws cloud servers   ,   spark  ,   scala  ,   java  ,   python  ,   sql   ,   rdbms  ,   database designing   ,  hive  ,  data warehousing  ,  senior software developer  ,  hadoop  ,  technical skills  ,  big data",Posted few days ago
Senior Data Scientist,m / s simplex infrastructures ltd,4 - 6 yrs,None,Bengaluru / Bangalore,,"                algorithms  ,  ds  ,  sql  ,  big data  ,  python  ,  machine learning",Posted few days ago
Quality Assurance Specialist,Nielsen Research Ltd. Co.,3 - 5 yrs,None,Australia,,"                bi  ,  sql  ,  qa  ,  ui  ,  software engineering  ,  agile methodology  ,  software testing  ,  istqb  ,  testing  ,  defect reporting  ,  environment management  ,  test preparation",Posted few days ago
Client Services Development Leader,2Soft Solutions Pvt. Ltd.,6 - 15 yrs,None,Mumbai,,"                client services   ,   development   ,   leadership   ,   capital markets   ,   technology   ,  algorithms  ,  c    ,  scala  ,  database  ,  fx  ,  java  ,  hadoop  ,  big data  ,  python  ,  sas  ,  machine learning  ,  infrastructure  ,  forms",Posted few days ago
Chennai Job Vacancies for International Non Voice - Single Job,info search,1 - 4 yrs,None,Chennai,,"                ai  /   machine learning  ,   data analysis  ,   statistical modelling  ,   data visualisation  ,   image analysis algorithms   ,  python  ,  c    ,  java  ,  big data",Posted few days ago
Machine Learning Engineer,Vitrana,2 - 4 yrs,None,"Noida/Greater Noida,  Bengaluru / Bangalore",,"                algorithms  ,  python  ,  machine learning",Posted few days ago
Associate Professor- Computers,alliance recruitment agency,5 - 15 yrs,None,Kolkata,,"                c    ,  python  ,  c  ,  machine learning  ,  java  ,  devops  ,  cloud computing  ,  forms",Posted few days ago
Digital Marketing Manager,cibirix digital media,7 - 10 yrs,None,,,"                email marketing  ,  Digital Marketing  ,  HTML",Posted few days ago
Data Scientist,ai enterprise,5 - 8 yrs,None,Bengaluru / Bangalore,,"                algorithms  ,  python  ,  apache",Posted few days ago
